Clean_Reviews,Uncleaned_Reviews,Tokenized_Reviews,Subjectivity,Polarity,sentiment
keep short direct great hand feel aluminium frame glass back feel nice hold probably best screen qhd really bright high refresh rate amazing battery life charge phone screen time hour get home left great camera even gonna get deep spen wonderful use really helped improve productivity one ui probably favourite android skin android even better samsung provide update phone year coupled fact samsung offer cheapest repair option india mean really need worry getting new one next year yes take call network issue thing phone make coffee budget would get better phone next one come,"i'll keep short direct.-great hand feel. the aluminium frame glass back feel nice hold.- probably best screen. qhd, really bright, high refresh rate.-amazing battery life. i charge phone 85% screen time 6-7 hours get home 40% left.-great cameras. not even gonna get deep it.-the spen wonderful use. really helped improve productivity.-one ui probably favourite android skin android 14 even better.-samsung provide updates phone 5 years. that coupled fact samsung offers cheapest repair options india mean really need worry getting new one next 5 years.-and yes takes calls network issues.the thing phone make coffee .if budget, would get better phone this. that next one comes out.","['keep', 'short', 'direct', 'great', 'hand', 'feel', 'aluminium', 'frame', 'glass', 'back', 'feel', 'nice', 'hold', 'probably', 'best', 'screen', 'qhd', 'really', 'bright', 'high', 'refresh', 'rate', 'amazing', 'battery', 'life', 'charge', 'phone', 'screen', 'time', 'hour', 'get', 'home', 'left', 'great', 'camera', 'even', 'gon', 'na', 'get', 'deep', 'spen', 'wonderful', 'use', 'really', 'helped', 'improve', 'productivity', 'one', 'ui', 'probably', 'favourite', 'android', 'skin', 'android', 'even', 'better', 'samsung', 'provide', 'update', 'phone', 'year', 'coupled', 'fact', 'samsung', 'offer', 'cheapest', 'repair', 'option', 'india', 'mean', 'really', 'need', 'worry', 'getting', 'new', 'one', 'next', 'year', 'yes', 'take', 'call', 'network', 'issue', 'thing', 'phone', 'make', 'coffee', 'budget', 'would', 'get', 'better', 'phone', 'next', 'one', 'come']",0.46104978354978354,0.3325649350649351,pos
using samsung galaxy ultra quite bit daily driver coming back samsung long time using smaller form factor phone like oneplus think phone pro phone best camera ever installed smartphone hand phone made human history ever come close samsung galaxy ultra camera performance crazy snapdragon gen custom made samsung galaxy phone play game run apps whatever want phone used work gaming taking photo video personal use time rectangular form factor phone make much comfortable easy hold look premium obviously expected phone cost much oneui many great feature cannot listed one place brings whole new meaning smart smartphones previously apple making real smartphones actually smart oneui samsung joined league probably done better job apple point good lock module oneui tremendous level customization term many aspect usability come con section charging time good reverse charging wireless charging sweet add help make experience really good pen wonder useful specially use phone professional work like esigning precision work build quality software really premium know sold kidney hold phone hand turn max resolution display ultra slightly flat side compared ultra make usable phone con since phone curved display add usability make little difficult use people smaller hand reach corner one hand becomes little hard get used kind display even used curved display phone smaller form factor ultra huge another issue curved screen since decent curve screen finding screen protector really hard tempered glass fit well get spaced cover case samsung officially make tempered glass ultra samsung sell thin membrane sheet cutout camera collect dust screen protection mean second kidney risk charger box ugh cable come really flimsy look like came flagship phone oneplus make x better cable better buy one phone expensive necessary feature right oneui come app lock samsung secure folder nice usable day day use secure folder fine hiding image apps convenient daily access good lock module app lock either oneui unlike many uis like oxygenos coloros give option rename apps app drawer ability use rd party icon pack came recently installing rd party launcher kind ruin ui recent apps screen oneui requires installation rd party good lock module even configure icon appear navigation bar overall really good phone best say oneui lack basic feature implemented minor software issue hardware inconvenience phone definitely recommendation,"after using samsung galaxy s23 ultra quite bit daily driver coming back samsung long time using smaller form factor phones like oneplus 9, here's i think phone.pros:- this phone best camera ever installed smartphone, hands-down! no phone made human history ever come close 1% samsung galaxy s23 ultra's cameras do.- performance crazy! not snapdragon 8gen-2, custom-made samsung galaxy phones. you play games, run apps whatever want phone used work, gaming, taking photos/videos personal use time.- rectangular form factor phone makes much comfortable easy hold. and looks premium too, obviously expected phone costs much.- oneui many great features cannot listed one place. it brings whole new meaning ""smart"" smartphones. previously apple making real smartphones actually smart oneui 5.1, samsung joined league probably done better job apple point.- good lock modules + oneui 5.1 tremendous level customization terms many aspects usability. it it, i'll come ""cons"" section.- charging time good, reverse charging wireless charging sweet add-on helps makes experience really good.- s-pen wonders! very useful specially use phone professional work like esigning precision work.- build quality software really premium, know sold kidney hold phone hands turn max resolution display.- s23 ultra slightly flat sides compared s22 ultra makes usable phone.cons:- now, since phone curved display adds usability makes little difficult use people smaller hands reach corners one hand, becomes little hard get used kind display even used curved display phone smaller form factor s23 ultra huge!- another issue curved screen, since there's decent curve screen, finding screen protector really hard! tempered glasses fit well, get spaced covers/cases, samsung officially make tempered glass s23 ultra. samsung sells thin membrane sheet ‚Çπ1,500/- cutout camera collects dust. having screen protection means second kidney risk too!- no charger box (ugh) cable comes really flimsy. doesn't look like came flagship phone. oneplus makes 10x better cables better buy one them.- a phone expensive necessary features right? but oneui 5.1 come app lock. samsung secure folder nice usable day-to-day use. secure folder fine hiding images apps convenient daily access. there's good lock module app lock either.- oneui 5.1 (unlike many uis like oxygenos 13 coloros 13) give option rename apps app drawer. ability use 3rd party icon packs came recently. and installing 3rd party launcher kind ruins ui recent apps screen.- oneui 5.1 requires installation 3rd party good lock module even configure icons appear navigation bar.- overall really good phone, best i'd say! but oneui 5.1 lacks basic features implemented.- but minor software issues hardware inconveniences, phone definitely recommendation.","['using', 'samsung', 'galaxy', 'ultra', 'quite', 'bit', 'daily', 'driver', 'coming', 'back', 'samsung', 'long', 'time', 'using', 'smaller', 'form', 'factor', 'phone', 'like', 'oneplus', 'think', 'phone', 'pro', 'phone', 'best', 'camera', 'ever', 'installed', 'smartphone', 'hand', 'phone', 'made', 'human', 'history', 'ever', 'come', 'close', 'samsung', 'galaxy', 'ultra', 'camera', 'performance', 'crazy', 'snapdragon', 'gen', 'custom', 'made', 'samsung', 'galaxy', 'phone', 'play', 'game', 'run', 'apps', 'whatever', 'want', 'phone', 'used', 'work', 'gaming', 'taking', 'photo', 'video', 'personal', 'use', 'time', 'rectangular', 'form', 'factor', 'phone', 'make', 'much', 'comfortable', 'easy', 'hold', 'look', 'premium', 'obviously', 'expected', 'phone', 'cost', 'much', 'oneui', 'many', 'great', 'feature', 'can', 'not', 'listed', 'one', 'place', 'brings', 'whole', 'new', 'meaning', 'smart', 'smartphones', 'previously', 'apple', 'making', 'real', 'smartphones', 'actually', 'smart', 'oneui', 'samsung', 'joined', 'league', 'probably', 'done', 'better', 'job', 'apple', 'point', 'good', 'lock', 'module', 'oneui', 'tremendous', 'level', 'customization', 'term', 'many', 'aspect', 'usability', 'come', 'con', 'section', 'charging', 'time', 'good', 'reverse', 'charging', 'wireless', 'charging', 'sweet', 'add', 'help', 'make', 'experience', 'really', 'good', 'pen', 'wonder', 'useful', 'specially', 'use', 'phone', 'professional', 'work', 'like', 'esigning', 'precision', 'work', 'build', 'quality', 'software', 'really', 'premium', 'know', 'sold', 'kidney', 'hold', 'phone', 'hand', 'turn', 'max', 'resolution', 'display', 'ultra', 'slightly', 'flat', 'side', 'compared', 'ultra', 'make', 'usable', 'phone', 'con', 'since', 'phone', 'curved', 'display', 'add', 'usability', 'make', 'little', 'difficult', 'use', 'people', 'smaller', 'hand', 'reach', 'corner', 'one', 'hand', 'becomes', 'little', 'hard', 'get', 'used', 'kind', 'display', 'even', 'used', 'curved', 'display', 'phone', 'smaller', 'form', 'factor', 'ultra', 'huge', 'another', 'issue', 'curved', 'screen', 'since', 'decent', 'curve', 'screen', 'finding', 'screen', 'protector', 'really', 'hard', 'tempered', 'glass', 'fit', 'well', 'get', 'spaced', 'cover', 'case', 'samsung', 'officially', 'make', 'tempered', 'glass', 'ultra', 'samsung', 'sell', 'thin', 'membrane', 'sheet', 'cutout', 'camera', 'collect', 'dust', 'screen', 'protection', 'mean', 'second', 'kidney', 'risk', 'charger', 'box', 'ugh', 'cable', 'come', 'really', 'flimsy', 'look', 'like', 'came', 'flagship', 'phone', 'oneplus', 'make', 'x', 'better', 'cable', 'better', 'buy', 'one', 'phone', 'expensive', 'necessary', 'feature', 'right', 'oneui', 'come', 'app', 'lock', 'samsung', 'secure', 'folder', 'nice', 'usable', 'day', 'day', 'use', 'secure', 'folder', 'fine', 'hiding', 'image', 'apps', 'convenient', 'daily', 'access', 'good', 'lock', 'module', 'app', 'lock', 'either', 'oneui', 'unlike', 'many', 'uis', 'like', 'oxygenos', 'coloros', 'give', 'option', 'rename', 'apps', 'app', 'drawer', 'ability', 'use', 'rd', 'party', 'icon', 'pack', 'came', 'recently', 'installing', 'rd', 'party', 'launcher', 'kind', 'ruin', 'ui', 'recent', 'apps', 'screen', 'oneui', 'requires', 'installation', 'rd', 'party', 'good', 'lock', 'module', 'even', 'configure', 'icon', 'appear', 'navigation', 'bar', 'overall', 'really', 'good', 'phone', 'best', 'say', 'oneui', 'lack', 'basic', 'feature', 'implemented', 'minor', 'software', 'issue', 'hardware', 'inconvenience', 'phone', 'definitely', 'recommendation']",0.4840700371057514,0.20064703153988864,pos
phone one best android phone available market great battery life easily last day even heavy usage constant mobile data camera really expectation zoom quality unmatched easily last yr given constant update android upgrade,"the phone one best android phone available market. great battery life easily lasts day even heavy usage constant mobile data on.camera really expectations, zoom quality unmatched.it easily lasts 3-4 yrs given constant updates android upgrades.","['phone', 'one', 'best', 'android', 'phone', 'available', 'market', 'great', 'battery', 'life', 'easily', 'last', 'day', 'even', 'heavy', 'usage', 'constant', 'mobile', 'data', 'camera', 'really', 'expectation', 'zoom', 'quality', 'unmatched', 'easily', 'last', 'yr', 'given', 'constant', 'update', 'android', 'upgrade']",0.32777777777777783,0.24444444444444446,pos
simply perfect exactly meet expectation high quality phone nothing nothing le mini computer,"it's simply perfect. this exactly meets expectations, high quality phone nothing nothing less mini computer.","['simply', 'perfect', 'exactly', 'meet', 'expectation', 'high', 'quality', 'phone', 'nothing', 'nothing', 'le', 'mini', 'computer']",0.5966666666666667,0.47,pos
first last smartphone purchase amazon complete fraud denied replacement return pick fraudulently cancelled multiple time period month avoid buying smartphones online portal authenticity customer support always doubtful coming phone good phone excellent battery life little overheating issue plagued ultra however bane buying phone samsung processing sharpening image default camera continues issue several year update one reason bring recommend phone someone looking take realistic naturally detailed photo,"first all, last smartphone purchase amazon complete frauds. i denied replacement return pick fraudulently cancelled multiple times period 3 months. avoid buying smartphones online portals authenticity customer support always doubtful. coming phone, it‚Äôs good phone excellent battery life little overheating issues plagued s22 ultra. however, bane buying phone samsung over-processing over-sharpening images default camera. this continues issue several years updates. one reasons i can‚Äôt bring recommend phone someone looking take realistic naturally detailed photos.","['first', 'last', 'smartphone', 'purchase', 'amazon', 'complete', 'fraud', 'denied', 'replacement', 'return', 'pick', 'fraudulently', 'cancelled', 'multiple', 'time', 'period', 'month', 'avoid', 'buying', 'smartphones', 'online', 'portal', 'authenticity', 'customer', 'support', 'always', 'doubtful', 'coming', 'phone', 'good', 'phone', 'excellent', 'battery', 'life', 'little', 'overheating', 'issue', 'plagued', 'ultra', 'however', 'bane', 'buying', 'phone', 'samsung', 'processing', 'sharpening', 'image', 'default', 'camera', 'continues', 'issue', 'several', 'year', 'update', 'one', 'reason', 'bring', 'recommend', 'phone', 'someone', 'looking', 'take', 'realistic', 'naturally', 'detailed', 'photo']",0.44393939393939397,0.14810606060606063,pos
medium could loaded picture crisp look le dslr camera love look phone steel coated side bezel stunning confident choosing color love photo telephoto mode little grainy normal mode way better phone heat minute nonstop use battery life last day ok ok problem far setting phone easy touch test went smooth like butter thanks lot amazon coupon card offer,the media could loaded. the pictures crisp. they look less dslr camera. in love look phone. steel coated side bezels stunning. i confident choosing color i'm love too. photos telephoto mode little grainy. normal mode way better. phone heats 20 minutes nonstop use. battery life lasts day ok ok. no problem far. setting phone easy. touch test went smooth like butter. thanks lot amazon coupon card offers. ‚ù§Ô∏èüòá,"['medium', 'could', 'loaded', 'picture', 'crisp', 'look', 'le', 'dslr', 'camera', 'love', 'look', 'phone', 'steel', 'coated', 'side', 'bezel', 'stunning', 'confident', 'choosing', 'color', 'love', 'photo', 'telephoto', 'mode', 'little', 'grainy', 'normal', 'mode', 'way', 'better', 'phone', 'heat', 'minute', 'nonstop', 'use', 'battery', 'life', 'last', 'day', 'ok', 'ok', 'problem', 'far', 'setting', 'phone', 'easy', 'touch', 'test', 'went', 'smooth', 'like', 'butter', 'thanks', 'lot', 'amazon', 'coupon', 'card', 'offer']",0.58,0.3230555555555556,pos
never apple fan android world best doubt comparing camera quality samsung ultra iphone pro max ultra way better friend iphone ultra always ask phone click photo,"never apple fan. so android world best, doubts. comparing camera quality samsung s23 ultra iphone 14 pro max, s23 ultra way better. my friends iphone 14 ultra always ask phone click photos.","['never', 'apple', 'fan', 'android', 'world', 'best', 'doubt', 'comparing', 'camera', 'quality', 'samsung', 'ultra', 'iphone', 'pro', 'max', 'ultra', 'way', 'better', 'friend', 'iphone', 'ultra', 'always', 'ask', 'phone', 'click', 'photo']",0.4,0.75,pos
ordered jul sat day got delivered hour time delivery super fast however phone issue call volume sound low barely hear side talking home traffic almost impossible charging port issue move wire slightly charging stop charging car also android auto disconnect slightest bump raised request product replacement assigned technical inspection iit supposed done home physically however technician called phone asked stall inspection software nd said provide report amazon received notification amazon call customer service today know technician marked issue resolved surprised know logged complaint amazon customer care asked wait hour call back waiting update review hear back hoping resolved properly good experience far purchase one lesson learnt buy high end phone amazon anymore agonizing yesterday visited nearby samsung cafe gentleman also said buy high end phone online fyi,"i ordered 1-jul sat day got delivered hours time. delivery super fast. however , phone issues - call volume sound low, i barely hear side talking home..in traffic almost impossible. the charging port issue, move wire slightly charging, stop charging. in car also, android auto disconnects slightest bump. raised request product replacement, assigned technical inspection. iit supposed done home physically, however technician called phone, asked i stall inspection software nd said provide report amazon. i received notification amazon call customer service today know technician marked issue resolved. i surprised know this. i logged complaint amazon customer care, asked wait 48 hours call back, waiting..will update review i hear back, hoping resolved properly.all all, good experience far purchase, one lesson learnt buy high-end phones amazon anymore, agonizing..yesterday i visited nearby samsung cafe gentleman also said buy high-end phones online. fyi..","['ordered', 'jul', 'sat', 'day', 'got', 'delivered', 'hour', 'time', 'delivery', 'super', 'fast', 'however', 'phone', 'issue', 'call', 'volume', 'sound', 'low', 'barely', 'hear', 'side', 'talking', 'home', 'traffic', 'almost', 'impossible', 'charging', 'port', 'issue', 'move', 'wire', 'slightly', 'charging', 'stop', 'charging', 'car', 'also', 'android', 'auto', 'disconnect', 'slightest', 'bump', 'raised', 'request', 'product', 'replacement', 'assigned', 'technical', 'inspection', 'iit', 'supposed', 'done', 'home', 'physically', 'however', 'technician', 'called', 'phone', 'asked', 'stall', 'inspection', 'software', 'nd', 'said', 'provide', 'report', 'amazon', 'received', 'notification', 'amazon', 'call', 'customer', 'service', 'today', 'know', 'technician', 'marked', 'issue', 'resolved', 'surprised', 'know', 'logged', 'complaint', 'amazon', 'customer', 'care', 'asked', 'wait', 'hour', 'call', 'back', 'waiting', 'update', 'review', 'hear', 'back', 'hoping', 'resolved', 'properly', 'good', 'experience', 'far', 'purchase', 'one', 'lesson', 'learnt', 'buy', 'high', 'end', 'phone', 'amazon', 'anymore', 'agonizing', 'yesterday', 'visited', 'nearby', 'samsung', 'cafe', 'gentleman', 'also', 'said', 'buy', 'high', 'end', 'phone', 'online', 'fyi']",0.4364550264550265,0.065,pos
high price,high price,"['high', 'price']",0.5399999999999999,0.16,pos
smartphone beast aspect,this smartphone beast aspects.,"['smartphone', 'beast', 'aspect']",0.0,0.0,pos
keep short direct great hand feel aluminium frame glass back feel nice hold probably best screen qhd really bright high refresh rate amazing battery life charge phone screen time hour get home left great camera even gonna get deep spen wonderful use really helped improve productivity one ui probably favourite android skin android even better samsung provide update phone year coupled fact samsung offer cheapest repair option india mean really need worry getting new one next year yes take call network issue thing phone make coffee budget would get better phone next one come,"i'll keep short direct.-great hand feel. the aluminium frame glass back feel nice hold.- probably best screen. qhd, really bright, high refresh rate.-amazing battery life. i charge phone 85% screen time 6-7 hours get home 40% left.-great cameras. not even gonna get deep it.-the spen wonderful use. really helped improve productivity.-one ui probably favourite android skin android 14 even better.-samsung provide updates phone 5 years. that coupled fact samsung offers cheapest repair options india mean really need worry getting new one next 5 years.-and yes takes calls network issues.the thing phone make coffee .if budget, would get better phone this. that next one comes out.","['keep', 'short', 'direct', 'great', 'hand', 'feel', 'aluminium', 'frame', 'glass', 'back', 'feel', 'nice', 'hold', 'probably', 'best', 'screen', 'qhd', 'really', 'bright', 'high', 'refresh', 'rate', 'amazing', 'battery', 'life', 'charge', 'phone', 'screen', 'time', 'hour', 'get', 'home', 'left', 'great', 'camera', 'even', 'gon', 'na', 'get', 'deep', 'spen', 'wonderful', 'use', 'really', 'helped', 'improve', 'productivity', 'one', 'ui', 'probably', 'favourite', 'android', 'skin', 'android', 'even', 'better', 'samsung', 'provide', 'update', 'phone', 'year', 'coupled', 'fact', 'samsung', 'offer', 'cheapest', 'repair', 'option', 'india', 'mean', 'really', 'need', 'worry', 'getting', 'new', 'one', 'next', 'year', 'yes', 'take', 'call', 'network', 'issue', 'thing', 'phone', 'make', 'coffee', 'budget', 'would', 'get', 'better', 'phone', 'next', 'one', 'come']",0.46104978354978354,0.3325649350649351,pos
using samsung galaxy ultra quite bit daily driver coming back samsung long time using smaller form factor phone like oneplus think phone pro phone best camera ever installed smartphone hand phone made human history ever come close samsung galaxy ultra camera performance crazy snapdragon gen custom made samsung galaxy phone play game run apps whatever want phone used work gaming taking photo video personal use time rectangular form factor phone make much comfortable easy hold look premium obviously expected phone cost much oneui many great feature cannot listed one place brings whole new meaning smart smartphones previously apple making real smartphones actually smart oneui samsung joined league probably done better job apple point good lock module oneui tremendous level customization term many aspect usability come con section charging time good reverse charging wireless charging sweet add help make experience really good pen wonder useful specially use phone professional work like esigning precision work build quality software really premium know sold kidney hold phone hand turn max resolution display ultra slightly flat side compared ultra make usable phone con since phone curved display add usability make little difficult use people smaller hand reach corner one hand becomes little hard get used kind display even used curved display phone smaller form factor ultra huge another issue curved screen since decent curve screen finding screen protector really hard tempered glass fit well get spaced cover case samsung officially make tempered glass ultra samsung sell thin membrane sheet cutout camera collect dust screen protection mean second kidney risk charger box ugh cable come really flimsy look like came flagship phone oneplus make x better cable better buy one phone expensive necessary feature right oneui come app lock samsung secure folder nice usable day day use secure folder fine hiding image apps convenient daily access good lock module app lock either oneui unlike many uis like oxygenos coloros give option rename apps app drawer ability use rd party icon pack came recently installing rd party launcher kind ruin ui recent apps screen oneui requires installation rd party good lock module even configure icon appear navigation bar overall really good phone best say oneui lack basic feature implemented minor software issue hardware inconvenience phone definitely recommendation,"after using samsung galaxy s23 ultra quite bit daily driver coming back samsung long time using smaller form factor phones like oneplus 9, here's i think phone.pros:- this phone best camera ever installed smartphone, hands-down! no phone made human history ever come close 1% samsung galaxy s23 ultra's cameras do.- performance crazy! not snapdragon 8gen-2, custom-made samsung galaxy phones. you play games, run apps whatever want phone used work, gaming, taking photos/videos personal use time.- rectangular form factor phone makes much comfortable easy hold. and looks premium too, obviously expected phone costs much.- oneui many great features cannot listed one place. it brings whole new meaning ""smart"" smartphones. previously apple making real smartphones actually smart oneui 5.1, samsung joined league probably done better job apple point.- good lock modules + oneui 5.1 tremendous level customization terms many aspects usability. it it, i'll come ""cons"" section.- charging time good, reverse charging wireless charging sweet add-on helps makes experience really good.- s-pen wonders! very useful specially use phone professional work like esigning precision work.- build quality software really premium, know sold kidney hold phone hands turn max resolution display.- s23 ultra slightly flat sides compared s22 ultra makes usable phone.cons:- now, since phone curved display adds usability makes little difficult use people smaller hands reach corners one hand, becomes little hard get used kind display even used curved display phone smaller form factor s23 ultra huge!- another issue curved screen, since there's decent curve screen, finding screen protector really hard! tempered glasses fit well, get spaced covers/cases, samsung officially make tempered glass s23 ultra. samsung sells thin membrane sheet ‚Çπ1,500/- cutout camera collects dust. having screen protection means second kidney risk too!- no charger box (ugh) cable comes really flimsy. doesn't look like came flagship phone. oneplus makes 10x better cables better buy one them.- a phone expensive necessary features right? but oneui 5.1 come app lock. samsung secure folder nice usable day-to-day use. secure folder fine hiding images apps convenient daily access. there's good lock module app lock either.- oneui 5.1 (unlike many uis like oxygenos 13 coloros 13) give option rename apps app drawer. ability use 3rd party icon packs came recently. and installing 3rd party launcher kind ruins ui recent apps screen.- oneui 5.1 requires installation 3rd party good lock module even configure icons appear navigation bar.- overall really good phone, best i'd say! but oneui 5.1 lacks basic features implemented.- but minor software issues hardware inconveniences, phone definitely recommendation.","['using', 'samsung', 'galaxy', 'ultra', 'quite', 'bit', 'daily', 'driver', 'coming', 'back', 'samsung', 'long', 'time', 'using', 'smaller', 'form', 'factor', 'phone', 'like', 'oneplus', 'think', 'phone', 'pro', 'phone', 'best', 'camera', 'ever', 'installed', 'smartphone', 'hand', 'phone', 'made', 'human', 'history', 'ever', 'come', 'close', 'samsung', 'galaxy', 'ultra', 'camera', 'performance', 'crazy', 'snapdragon', 'gen', 'custom', 'made', 'samsung', 'galaxy', 'phone', 'play', 'game', 'run', 'apps', 'whatever', 'want', 'phone', 'used', 'work', 'gaming', 'taking', 'photo', 'video', 'personal', 'use', 'time', 'rectangular', 'form', 'factor', 'phone', 'make', 'much', 'comfortable', 'easy', 'hold', 'look', 'premium', 'obviously', 'expected', 'phone', 'cost', 'much', 'oneui', 'many', 'great', 'feature', 'can', 'not', 'listed', 'one', 'place', 'brings', 'whole', 'new', 'meaning', 'smart', 'smartphones', 'previously', 'apple', 'making', 'real', 'smartphones', 'actually', 'smart', 'oneui', 'samsung', 'joined', 'league', 'probably', 'done', 'better', 'job', 'apple', 'point', 'good', 'lock', 'module', 'oneui', 'tremendous', 'level', 'customization', 'term', 'many', 'aspect', 'usability', 'come', 'con', 'section', 'charging', 'time', 'good', 'reverse', 'charging', 'wireless', 'charging', 'sweet', 'add', 'help', 'make', 'experience', 'really', 'good', 'pen', 'wonder', 'useful', 'specially', 'use', 'phone', 'professional', 'work', 'like', 'esigning', 'precision', 'work', 'build', 'quality', 'software', 'really', 'premium', 'know', 'sold', 'kidney', 'hold', 'phone', 'hand', 'turn', 'max', 'resolution', 'display', 'ultra', 'slightly', 'flat', 'side', 'compared', 'ultra', 'make', 'usable', 'phone', 'con', 'since', 'phone', 'curved', 'display', 'add', 'usability', 'make', 'little', 'difficult', 'use', 'people', 'smaller', 'hand', 'reach', 'corner', 'one', 'hand', 'becomes', 'little', 'hard', 'get', 'used', 'kind', 'display', 'even', 'used', 'curved', 'display', 'phone', 'smaller', 'form', 'factor', 'ultra', 'huge', 'another', 'issue', 'curved', 'screen', 'since', 'decent', 'curve', 'screen', 'finding', 'screen', 'protector', 'really', 'hard', 'tempered', 'glass', 'fit', 'well', 'get', 'spaced', 'cover', 'case', 'samsung', 'officially', 'make', 'tempered', 'glass', 'ultra', 'samsung', 'sell', 'thin', 'membrane', 'sheet', 'cutout', 'camera', 'collect', 'dust', 'screen', 'protection', 'mean', 'second', 'kidney', 'risk', 'charger', 'box', 'ugh', 'cable', 'come', 'really', 'flimsy', 'look', 'like', 'came', 'flagship', 'phone', 'oneplus', 'make', 'x', 'better', 'cable', 'better', 'buy', 'one', 'phone', 'expensive', 'necessary', 'feature', 'right', 'oneui', 'come', 'app', 'lock', 'samsung', 'secure', 'folder', 'nice', 'usable', 'day', 'day', 'use', 'secure', 'folder', 'fine', 'hiding', 'image', 'apps', 'convenient', 'daily', 'access', 'good', 'lock', 'module', 'app', 'lock', 'either', 'oneui', 'unlike', 'many', 'uis', 'like', 'oxygenos', 'coloros', 'give', 'option', 'rename', 'apps', 'app', 'drawer', 'ability', 'use', 'rd', 'party', 'icon', 'pack', 'came', 'recently', 'installing', 'rd', 'party', 'launcher', 'kind', 'ruin', 'ui', 'recent', 'apps', 'screen', 'oneui', 'requires', 'installation', 'rd', 'party', 'good', 'lock', 'module', 'even', 'configure', 'icon', 'appear', 'navigation', 'bar', 'overall', 'really', 'good', 'phone', 'best', 'say', 'oneui', 'lack', 'basic', 'feature', 'implemented', 'minor', 'software', 'issue', 'hardware', 'inconvenience', 'phone', 'definitely', 'recommendation']",0.4840700371057514,0.20064703153988864,pos
phone one best android phone available market great battery life easily last day even heavy usage constant mobile data camera really expectation zoom quality unmatched easily last yr given constant update android upgrade,"the phone one best android phone available market. great battery life easily lasts day even heavy usage constant mobile data on.camera really expectations, zoom quality unmatched.it easily lasts 3-4 yrs given constant updates android upgrades.","['phone', 'one', 'best', 'android', 'phone', 'available', 'market', 'great', 'battery', 'life', 'easily', 'last', 'day', 'even', 'heavy', 'usage', 'constant', 'mobile', 'data', 'camera', 'really', 'expectation', 'zoom', 'quality', 'unmatched', 'easily', 'last', 'yr', 'given', 'constant', 'update', 'android', 'upgrade']",0.32777777777777783,0.24444444444444446,pos
simply perfect exactly meet expectation high quality phone nothing nothing le mini computer,"it's simply perfect. this exactly meets expectations, high quality phone nothing nothing less mini computer.","['simply', 'perfect', 'exactly', 'meet', 'expectation', 'high', 'quality', 'phone', 'nothing', 'nothing', 'le', 'mini', 'computer']",0.5966666666666667,0.47,pos
first last smartphone purchase amazon complete fraud denied replacement return pick fraudulently cancelled multiple time period month avoid buying smartphones online portal authenticity customer support always doubtful coming phone good phone excellent battery life little overheating issue plagued ultra however bane buying phone samsung processing sharpening image default camera continues issue several year update one reason bring recommend phone someone looking take realistic naturally detailed photo,"first all, last smartphone purchase amazon complete frauds. i denied replacement return pick fraudulently cancelled multiple times period 3 months. avoid buying smartphones online portals authenticity customer support always doubtful. coming phone, it‚Äôs good phone excellent battery life little overheating issues plagued s22 ultra. however, bane buying phone samsung over-processing over-sharpening images default camera. this continues issue several years updates. one reasons i can‚Äôt bring recommend phone someone looking take realistic naturally detailed photos.","['first', 'last', 'smartphone', 'purchase', 'amazon', 'complete', 'fraud', 'denied', 'replacement', 'return', 'pick', 'fraudulently', 'cancelled', 'multiple', 'time', 'period', 'month', 'avoid', 'buying', 'smartphones', 'online', 'portal', 'authenticity', 'customer', 'support', 'always', 'doubtful', 'coming', 'phone', 'good', 'phone', 'excellent', 'battery', 'life', 'little', 'overheating', 'issue', 'plagued', 'ultra', 'however', 'bane', 'buying', 'phone', 'samsung', 'processing', 'sharpening', 'image', 'default', 'camera', 'continues', 'issue', 'several', 'year', 'update', 'one', 'reason', 'bring', 'recommend', 'phone', 'someone', 'looking', 'take', 'realistic', 'naturally', 'detailed', 'photo']",0.44393939393939397,0.14810606060606063,pos
medium could loaded picture crisp look le dslr camera love look phone steel coated side bezel stunning confident choosing color love photo telephoto mode little grainy normal mode way better phone heat minute nonstop use battery life last day ok ok problem far setting phone easy touch test went smooth like butter thanks lot amazon coupon card offer,the media could loaded. the pictures crisp. they look less dslr camera. in love look phone. steel coated side bezels stunning. i confident choosing color i'm love too. photos telephoto mode little grainy. normal mode way better. phone heats 20 minutes nonstop use. battery life lasts day ok ok. no problem far. setting phone easy. touch test went smooth like butter. thanks lot amazon coupon card offers. ‚ù§Ô∏èüòá,"['medium', 'could', 'loaded', 'picture', 'crisp', 'look', 'le', 'dslr', 'camera', 'love', 'look', 'phone', 'steel', 'coated', 'side', 'bezel', 'stunning', 'confident', 'choosing', 'color', 'love', 'photo', 'telephoto', 'mode', 'little', 'grainy', 'normal', 'mode', 'way', 'better', 'phone', 'heat', 'minute', 'nonstop', 'use', 'battery', 'life', 'last', 'day', 'ok', 'ok', 'problem', 'far', 'setting', 'phone', 'easy', 'touch', 'test', 'went', 'smooth', 'like', 'butter', 'thanks', 'lot', 'amazon', 'coupon', 'card', 'offer']",0.58,0.3230555555555556,pos
never apple fan android world best doubt comparing camera quality samsung ultra iphone pro max ultra way better friend iphone ultra always ask phone click photo,"never apple fan. so android world best, doubts. comparing camera quality samsung s23 ultra iphone 14 pro max, s23 ultra way better. my friends iphone 14 ultra always ask phone click photos.","['never', 'apple', 'fan', 'android', 'world', 'best', 'doubt', 'comparing', 'camera', 'quality', 'samsung', 'ultra', 'iphone', 'pro', 'max', 'ultra', 'way', 'better', 'friend', 'iphone', 'ultra', 'always', 'ask', 'phone', 'click', 'photo']",0.4,0.75,pos
ordered jul sat day got delivered hour time delivery super fast however phone issue call volume sound low barely hear side talking home traffic almost impossible charging port issue move wire slightly charging stop charging car also android auto disconnect slightest bump raised request product replacement assigned technical inspection iit supposed done home physically however technician called phone asked stall inspection software nd said provide report amazon received notification amazon call customer service today know technician marked issue resolved surprised know logged complaint amazon customer care asked wait hour call back waiting update review hear back hoping resolved properly good experience far purchase one lesson learnt buy high end phone amazon anymore agonizing yesterday visited nearby samsung cafe gentleman also said buy high end phone online fyi,"i ordered 1-jul sat day got delivered hours time. delivery super fast. however , phone issues - call volume sound low, i barely hear side talking home..in traffic almost impossible. the charging port issue, move wire slightly charging, stop charging. in car also, android auto disconnects slightest bump. raised request product replacement, assigned technical inspection. iit supposed done home physically, however technician called phone, asked i stall inspection software nd said provide report amazon. i received notification amazon call customer service today know technician marked issue resolved. i surprised know this. i logged complaint amazon customer care, asked wait 48 hours call back, waiting..will update review i hear back, hoping resolved properly.all all, good experience far purchase, one lesson learnt buy high-end phones amazon anymore, agonizing..yesterday i visited nearby samsung cafe gentleman also said buy high-end phones online. fyi..","['ordered', 'jul', 'sat', 'day', 'got', 'delivered', 'hour', 'time', 'delivery', 'super', 'fast', 'however', 'phone', 'issue', 'call', 'volume', 'sound', 'low', 'barely', 'hear', 'side', 'talking', 'home', 'traffic', 'almost', 'impossible', 'charging', 'port', 'issue', 'move', 'wire', 'slightly', 'charging', 'stop', 'charging', 'car', 'also', 'android', 'auto', 'disconnect', 'slightest', 'bump', 'raised', 'request', 'product', 'replacement', 'assigned', 'technical', 'inspection', 'iit', 'supposed', 'done', 'home', 'physically', 'however', 'technician', 'called', 'phone', 'asked', 'stall', 'inspection', 'software', 'nd', 'said', 'provide', 'report', 'amazon', 'received', 'notification', 'amazon', 'call', 'customer', 'service', 'today', 'know', 'technician', 'marked', 'issue', 'resolved', 'surprised', 'know', 'logged', 'complaint', 'amazon', 'customer', 'care', 'asked', 'wait', 'hour', 'call', 'back', 'waiting', 'update', 'review', 'hear', 'back', 'hoping', 'resolved', 'properly', 'good', 'experience', 'far', 'purchase', 'one', 'lesson', 'learnt', 'buy', 'high', 'end', 'phone', 'amazon', 'anymore', 'agonizing', 'yesterday', 'visited', 'nearby', 'samsung', 'cafe', 'gentleman', 'also', 'said', 'buy', 'high', 'end', 'phone', 'online', 'fyi']",0.4364550264550265,0.065,pos
high price,high price,"['high', 'price']",0.5399999999999999,0.16,pos
smartphone beast aspect,this smartphone beast aspects.,"['smartphone', 'beast', 'aspect']",0.0,0.0,pos
device surely going book legend smartphone great product even though pricing aggressive,a device surely going books legends smartphone... great product even though pricing aggressive,"['device', 'surely', 'going', 'book', 'legend', 'smartphone', 'great', 'product', 'even', 'though', 'pricing', 'aggressive']",0.8194444444444444,0.65,pos
heating problem,heating problem,"['heating', 'problem']",0.0,0.0,pos
good phone good camera,good phone good camera,"['good', 'phone', 'good', 'camera']",0.6000000000000001,0.7,pos
u spend lac phone worthy b c wrost battry backup single charged running full day power saving mode without power saving mode battery running half day flagship phone samsung problem samsung resolved problem last year heating problem every time use camera min phone heatted phone brightness full u close ur camera quicklysamsung pls resolved problem,"u spend 1lac phone, worthy b/c1. wrost battry backup single charged running full day (with power saving mode) without power saving mode battery running half day, flagship phone samsung problem. samsung resolved problem last 2~3 years2. heating problem, every time use camera 5 min. phone heatted, phone brightness full, u close ur camera quicklysamsung pls. resolved problem.","['u', 'spend', 'lac', 'phone', 'worthy', 'b', 'c', 'wrost', 'battry', 'backup', 'single', 'charged', 'running', 'full', 'day', 'power', 'saving', 'mode', 'without', 'power', 'saving', 'mode', 'battery', 'running', 'half', 'day', 'flagship', 'phone', 'samsung', 'problem', 'samsung', 'resolved', 'problem', 'last', 'year', 'heating', 'problem', 'every', 'time', 'use', 'camera', 'min', 'phone', 'heatted', 'phone', 'brightness', 'full', 'u', 'close', 'ur', 'camera', 'quicklysamsung', 'pls', 'resolved', 'problem']",0.4246031746031746,0.13253968253968254,pos
samsung follower sing samsung galaxy series bit last time purchased google pixel pro gb found good phone call recorder camera best compared pixel ultra found much difference yes pixel camera bit good professional like found apart camera everything else best samsung ultra also built call recorder always needed main point pixel lagging behind also found samsung galaxy ultra way fast efficient pixel also heating issue like pixel samsung galaxy ultra also never apple fan never found worth compared samsung used apple apart camera may difference samsung apple camera apple hyped value money phone also run multiple apps background apple call recorder also back button symbol apple random time swipe sometime app cross symbol corner search better go samsung always value money review paid used three master phone apple pro pixel samsung ultra found ultra winner,"i samsung follower sing samsung galaxy series, bit last time purchased google pixel 7pro 256gb. and found good phone call recorder, camera best i compared pixel s23ultra found much difference yes pixel camera bit good i professional like found apart camera everything else best samsung s23ultra ..also built "" call recorder "" i always needed main point pixel lagging behind .... also found samsung galaxy s23ultra way fast efficient pixel also heating issue like pixel samsung galaxy s23 ultra....also i never apple fan never found worth compared samsung, used apple 14 ,apart camera may difference 0.5% samsung apple camera apple hyped value money phone also can't run multiple apps background apple call recorder also back button symbol apple random times swipe sometime app cross symbol corner search....better go samsung always value money. this review paid i used three master phones apple 14 pro, pixel samsung s23ultra....found s23 ultra winner.","['samsung', 'follower', 'sing', 'samsung', 'galaxy', 'series', 'bit', 'last', 'time', 'purchased', 'google', 'pixel', 'pro', 'gb', 'found', 'good', 'phone', 'call', 'recorder', 'camera', 'best', 'compared', 'pixel', 'ultra', 'found', 'much', 'difference', 'yes', 'pixel', 'camera', 'bit', 'good', 'professional', 'like', 'found', 'apart', 'camera', 'everything', 'else', 'best', 'samsung', 'ultra', 'also', 'built', 'call', 'recorder', 'always', 'needed', 'main', 'point', 'pixel', 'lagging', 'behind', 'also', 'found', 'samsung', 'galaxy', 'ultra', 'way', 'fast', 'efficient', 'pixel', 'also', 'heating', 'issue', 'like', 'pixel', 'samsung', 'galaxy', 'ultra', 'also', 'never', 'apple', 'fan', 'never', 'found', 'worth', 'compared', 'samsung', 'used', 'apple', 'apart', 'camera', 'may', 'difference', 'samsung', 'apple', 'camera', 'apple', 'hyped', 'value', 'money', 'phone', 'also', 'run', 'multiple', 'apps', 'background', 'apple', 'call', 'recorder', 'also', 'back', 'button', 'symbol', 'apple', 'random', 'time', 'swipe', 'sometime', 'app', 'cross', 'symbol', 'corner', 'search', 'better', 'go', 'samsung', 'always', 'value', 'money', 'review', 'paid', 'used', 'three', 'master', 'phone', 'apple', 'pro', 'pixel', 'samsung', 'ultra', 'found', 'ultra', 'winner']",0.30625,0.24791666666666665,pos
samsung release ultra top every spec sheet benchmark test samsung apple never,"until samsung releases s24 ultra. this top every spec sheet benchmark tests. what samsung does, apple never !","['samsung', 'release', 'ultra', 'top', 'every', 'spec', 'sheet', 'benchmark', 'test', 'samsung', 'apple', 'never']",0.5,0.5,pos
medium could loaded nice premium feel,the media could loaded. nice premium feel.,"['medium', 'could', 'loaded', 'nice', 'premium', 'feel']",1.0,0.6,pos
got phone making international trip phone served really well super smooth received lot compliment photo hey maybe also part due skill yes phone great battery life quite often come back home around battery bt loc mostly power saver keep day initially hardly use pen mostly due habit seems cool addition smaller hand giant hand easily use entire phone two hand would recommend phone looking premium product specification obviously show significant difference ultra normal samsung,"i got phone making international trip. the phone served really well. it's super smooth i've received lot compliments photos (hey maybe that's also part due skill, yes?).but phone great battery life, quite often i'd come back home around 50% battery (with bt loc on). mostly power saver on, i keep days initially.i hardly use s-pen, mostly due habit, seems cool addition smaller hands. for me, i giant hands, easily use entire phone two hands.i would recommend phone looking premium product. the specifications obviously show significant difference ultra normal samsung s23.","['got', 'phone', 'making', 'international', 'trip', 'phone', 'served', 'really', 'well', 'super', 'smooth', 'received', 'lot', 'compliment', 'photo', 'hey', 'maybe', 'also', 'part', 'due', 'skill', 'yes', 'phone', 'great', 'battery', 'life', 'quite', 'often', 'come', 'back', 'home', 'around', 'battery', 'bt', 'loc', 'mostly', 'power', 'saver', 'keep', 'day', 'initially', 'hardly', 'use', 'pen', 'mostly', 'due', 'habit', 'seems', 'cool', 'addition', 'smaller', 'hand', 'giant', 'hand', 'easily', 'use', 'entire', 'phone', 'two', 'hand', 'would', 'recommend', 'phone', 'looking', 'premium', 'product', 'specification', 'obviously', 'show', 'significant', 'difference', 'ultra', 'normal', 'samsung']",0.5300925925925926,0.16666666666666663,pos
phone good allrounder beautiful display watch netflix youtube etc good battery backup best phone camera ever premium build quality samsung im generally apple lover using apple phone since iphone upto current iphone pro primary phone earlier used purchase android phone back phone like one plus vivo x pro none amazed outstanding performance like samsung costly phone well worth infact buy iphone anytime soon phone definitely replace current iphone primary phone,"this phone good allrounder beautiful display watch netflix youtube etc, good battery backup best phone camera ever premium build quality samsung.im generally apple lover i'm using apple phones since iphone 6s upto current iphone 13 pro primary phone i earlier i used purchase android phones back phones like one plus 9,vivo x80 pro none amazed outstanding performance like samsung. its costly phone well worth infact i buy iphone anytime soon phone definitely replace current iphone primary phone.","['phone', 'good', 'allrounder', 'beautiful', 'display', 'watch', 'netflix', 'youtube', 'etc', 'good', 'battery', 'backup', 'best', 'phone', 'camera', 'ever', 'premium', 'build', 'quality', 'samsung', 'im', 'generally', 'apple', 'lover', 'using', 'apple', 'phone', 'since', 'iphone', 'upto', 'current', 'iphone', 'pro', 'primary', 'phone', 'earlier', 'used', 'purchase', 'android', 'phone', 'back', 'phone', 'like', 'one', 'plus', 'vivo', 'x', 'pro', 'none', 'amazed', 'outstanding', 'performance', 'like', 'samsung', 'costly', 'phone', 'well', 'worth', 'infact', 'buy', 'iphone', 'anytime', 'soon', 'phone', 'definitely', 'replace', 'current', 'iphone', 'primary', 'phone']",0.48392857142857143,0.35,pos
everything great except finger print unlock face unlock previous oppo phone much faster,"everything great except finger print unlock face unlock, previous oppo phone much faster","['everything', 'great', 'except', 'finger', 'print', 'unlock', 'face', 'unlock', 'previous', 'oppo', 'phone', 'much', 'faster']",0.37222222222222223,0.27777777777777785,pos
love quality image clicked phone traveler come handy click picture instantly x phone best thing ever able click amazing bird shot make hard people believe captured phone battery life outstanding thing satisfied phone great focus get close subject macro shot great compared iphone pro rest everything perfect,"i'm love quality images clicked phone. as traveler, comes handy click pictures instantly. 10x phone best thing ever. i able click amazing bird shots makes hard people believe captured phone. battery life outstanding.only thing i satisfied phone great focus get close subject, macro shots great compared iphone 14 pro. rest everything perfect.","['love', 'quality', 'image', 'clicked', 'phone', 'traveler', 'come', 'handy', 'click', 'picture', 'instantly', 'x', 'phone', 'best', 'thing', 'ever', 'able', 'click', 'amazing', 'bird', 'shot', 'make', 'hard', 'people', 'believe', 'captured', 'phone', 'battery', 'life', 'outstanding', 'thing', 'satisfied', 'phone', 'great', 'focus', 'get', 'close', 'subject', 'macro', 'shot', 'great', 'compared', 'iphone', 'pro', 'rest', 'everything', 'perfect']",0.7108974358974359,0.4878205128205128,pos
using iphone planing switch android checked ultra one choice high ended every level like screen awsome processioning camera next level plaining go highly recommented,"i using iphone 13 planing switch android. when checked s23 ultra one choice. its high ended every level, like screen awsome, processioning, cameras next level. if plaining by, go it. highly recommented.","['using', 'iphone', 'planing', 'switch', 'android', 'checked', 'ultra', 'one', 'choice', 'high', 'ended', 'every', 'level', 'like', 'screen', 'awsome', 'processioning', 'camera', 'next', 'level', 'plaining', 'go', 'highly', 'recommented']",0.35999999999999993,0.10666666666666667,pos
far better iphone term everything heard everyone talking iphones video recording better try phone understand compare iphone video recording best ive ever seen android photography one clear winner confidently say portrait damn good,"far better iphone terms everything. and heard everyone talking iphones video recording better, try phone understand. i compare iphone video recording best ive ever seen android photography one clear winner confidently say. portrait damn good","['far', 'better', 'iphone', 'term', 'everything', 'heard', 'everyone', 'talking', 'iphones', 'video', 'recording', 'better', 'try', 'phone', 'understand', 'compare', 'iphone', 'video', 'recording', 'best', 'ive', 'ever', 'seen', 'android', 'photography', 'one', 'clear', 'winner', 'confidently', 'say', 'portrait', 'damn', 'good']",0.5880952380952381,0.48571428571428577,pos
phone amazing user experience awesome loving,the phone amazing..user experience awesome.. it.loving,"['phone', 'amazing', 'user', 'experience', 'awesome', 'loving']",0.9499999999999998,0.7333333333333334,pos
enjoying every moment phonethe camera top notch single con mention far best android phone available market,i enjoying every moment phonethe camera top notch single cons mention far best android phone available market,"['enjoying', 'every', 'moment', 'phonethe', 'camera', 'top', 'notch', 'single', 'con', 'mention', 'far', 'best', 'android', 'phone', 'available', 'market']",0.5023809523809523,0.4047619047619047,pos
smart phone thats worth hype beat competition feature expecting feature fine tuned future update,a smart phone thats worth hype. beats competition features. i'm expecting features fine tuned future updates.,"['smart', 'phone', 'thats', 'worth', 'hype', 'beat', 'competition', 'feature', 'expecting', 'feature', 'fine', 'tuned', 'future', 'update']",0.3419642857142857,0.23273809523809524,pos
good phone expect price pen give u higher feeling camera display sound good brought r exchanging broken oneplus display wala phone extrq discount actually price gaking much year drop lot suggestion u wait buy lower price,"very good phone expect price, s pen give u higher feeling, camera, display, sound good. i brought rs. 109000/- exchanging broken oneplus display wala phone 5000 + 10000 extrq discount. actually price gaking much, year drop lot, suggestion be, u wait, buy lower price.","['good', 'phone', 'expect', 'price', 'pen', 'give', 'u', 'higher', 'feeling', 'camera', 'display', 'sound', 'good', 'brought', 'r', 'exchanging', 'broken', 'oneplus', 'display', 'wala', 'phone', 'extrq', 'discount', 'actually', 'price', 'gaking', 'much', 'year', 'drop', 'lot', 'suggestion', 'u', 'wait', 'buy', 'lower', 'price']",0.4,0.2642857142857143,pos
unmatched pen useful fantastic camera best experienced green favorite color ultra look awesome premium finish big beautiful display thin bezel tiny front camera hole great choice ott feel good light hand g strong network connectivity samsung ui clean bloatware ad bug good customization option performance best samsung watch earbuds etc work well together high price samsung must make affordable may k sale time strong competition offering better value like feature price,"+ unmatched s-pen useful+ fantastic camera - best i experienced+ green favorite color s23 ultra looks awesome. premium finish+ big beautiful display thin bezels tiny front camera hole. great choice ott+ feels good light hand+ 5g strong network connectivity+ samsung ui clean, bloatware, ads, bugs. good customization options+ performance best+ samsung watch, earbuds, etc works well together- high price. samsung must make this affordable. at may 80k sales 10 times- strong competition offering better value (like 80% features 50% price)","['unmatched', 'pen', 'useful', 'fantastic', 'camera', 'best', 'experienced', 'green', 'favorite', 'color', 'ultra', 'look', 'awesome', 'premium', 'finish', 'big', 'beautiful', 'display', 'thin', 'bezel', 'tiny', 'front', 'camera', 'hole', 'great', 'choice', 'ott', 'feel', 'good', 'light', 'hand', 'g', 'strong', 'network', 'connectivity', 'samsung', 'ui', 'clean', 'bloatware', 'ad', 'bug', 'good', 'customization', 'option', 'performance', 'best', 'samsung', 'watch', 'earbuds', 'etc', 'work', 'well', 'together', 'high', 'price', 'samsung', 'must', 'make', 'affordable', 'may', 'k', 'sale', 'time', 'strong', 'competition', 'offering', 'better', 'value', 'like', 'feature', 'price']",0.6193650793650791,0.4639682539682539,pos
avid phone user one way beyond really need phone artificial yea capture moon fun see ai detects moon artificially replace moon image camera outstanding performance mind blowing never even think word hang battery awesome usage almost day drawback drawback fact big,"i avid phone user, one way beyond i really need phone, artificial yea capture moon, fun see ai detects moon artificially replace moon image. camera outstanding, performance mind blowing never even think word hang, battery awesome usage almost 2 days, drawback(not drawback fact) big.","['avid', 'phone', 'user', 'one', 'way', 'beyond', 'really', 'need', 'phone', 'artificial', 'yea', 'capture', 'moon', 'fun', 'see', 'ai', 'detects', 'moon', 'artificially', 'replace', 'moon', 'image', 'camera', 'outstanding', 'performance', 'mind', 'blowing', 'never', 'even', 'think', 'word', 'hang', 'battery', 'awesome', 'usage', 'almost', 'day', 'drawback', 'drawback', 'fact', 'big']",0.671875,0.13125,pos
samsung ultra beast phone samsung awesome battery backup display ui performance etc moved iphone u data migration seamless help smart switch app data migrated u camera display world class loving,"samsung ultra s23 beast phone samsung, awesome battery backup, display,ui, performance...etc.i moved iphone 12 s23u data migration seamless help smart switch app. 100% data migrated s23u.camera & display world class. i loving","['samsung', 'ultra', 'beast', 'phone', 'samsung', 'awesome', 'battery', 'backup', 'display', 'ui', 'performance', 'etc', 'moved', 'iphone', 'u', 'data', 'migration', 'seamless', 'help', 'smart', 'switch', 'app', 'data', 'migrated', 'u', 'camera', 'display', 'world', 'class', 'loving']",0.6732142857142858,0.47857142857142854,pos
awesome camera feature fingerprint sensor suck always fails read fingerprint say fingerprint doesnt match phone unlocks rd th try everytime,awesome camera features fingerprint sensor sucks. it always fails read fingerprint says fingerprint doesnt match. phone unlocks 3rd 4th try everytime.,"['awesome', 'camera', 'feature', 'fingerprint', 'sensor', 'suck', 'always', 'fails', 'read', 'fingerprint', 'say', 'fingerprint', 'doesnt', 'match', 'phone', 'unlocks', 'rd', 'th', 'try', 'everytime']",0.65,0.25,pos
already using bought one praise receiving say review almost right phone honestly feel half price vanilla far value money product one like even okay smaller phone make sense bought k exchanging month old moto edge ultra k exchanging month old pixel one thing assure one ui addictive,"i already using s23 bought one praise receiving. have say reviews almost right phone. but i honestly feel half price, vanilla s23 far value money product one. if like even okay smaller phones, s23 makes sense. i bought s23 46k exchanging 3 month old moto edge 30 s23 ultra 87k exchanging 4 month old pixel 6a. one thing i assure one ui addictive","['already', 'using', 'bought', 'one', 'praise', 'receiving', 'say', 'review', 'almost', 'right', 'phone', 'honestly', 'feel', 'half', 'price', 'vanilla', 'far', 'value', 'money', 'product', 'one', 'like', 'even', 'okay', 'smaller', 'phone', 'make', 'sense', 'bought', 'k', 'exchanging', 'month', 'old', 'moto', 'edge', 'ultra', 'k', 'exchanging', 'month', 'old', 'pixel', 'one', 'thing', 'assure', 'one', 'ui', 'addictive']",0.5447089947089947,0.1687830687830688,pos
best amongst android,best amongst android!,"['best', 'amongst', 'android']",0.3,1.0,pos
dream using galaxy note childhood using oneplus mclaren edition lasted year still working uanble choose phone get oneplus good like decided give try dream phonefinally happy itthe camera display spen feature outstanding like battery life pretty good,i had this dream of using galaxy note from childhood i was using oneplus 6t mclaren edition before it lasted for 5 years still working i was uanble to choose which phone to get oneplus was not good like before so decided to give a try to my dream phonefinally happy with itthe camera display spen all features are outstanding i like the battery life pretty good,"['dream', 'using', 'galaxy', 'note', 'childhood', 'using', 'oneplus', 'mclaren', 'edition', 'lasted', 'year', 'still', 'working', 'uanble', 'choose', 'phone', 'get', 'oneplus', 'good', 'like', 'decided', 'give', 'try', 'dream', 'phonefinally', 'happy', 'itthe', 'camera', 'display', 'spen', 'feature', 'outstanding', 'like', 'battery', 'life', 'pretty', 'good']",0.8150000000000001,0.5900000000000001,pos
satisfied product mine gb also great full delivered phone day earlier safe sound,i'm satisfied product .mine s23 512gb .i'm also great full delivered phone 3 days earlier safe sound.,"['satisfied', 'product', 'mine', 'gb', 'also', 'great', 'full', 'delivered', 'phone', 'day', 'earlier', 'safe', 'sound']",0.6166666666666666,0.425,pos
come galaxy ultra outstanding capability camera merely tip iceberg gadget really quick potent cpu easily handle even taxing programme game spectacular inch dynamic display offer stunning image vivid colour make everything streaming video browsing web enjoyable device truly stunning,"when comes galaxy s23 ultra's outstanding capabilities, camera merely tip iceberg. the gadget really quick potent cpu easily handle even taxing programmes games. with spectacular 6.8-inch dynamic display, offers stunning images vivid colours make everything streaming video browsing web enjoyable, device truly stunning.","['come', 'galaxy', 'ultra', 'outstanding', 'capability', 'camera', 'merely', 'tip', 'iceberg', 'gadget', 'really', 'quick', 'potent', 'cpu', 'easily', 'handle', 'even', 'taxing', 'programme', 'game', 'spectacular', 'inch', 'dynamic', 'display', 'offer', 'stunning', 'image', 'vivid', 'colour', 'make', 'everything', 'streaming', 'video', 'browsing', 'web', 'enjoyable', 'device', 'truly', 'stunning']",0.6687500000000001,0.2576388888888889,pos
camera take blur picture mp mp,camera takes blur picture 200 mp 50 mp.,"['camera', 'take', 'blur', 'picture', 'mp', 'mp']",0.0,0.0,pos
first time using flagship worththank god choose iphone,this first time i using flagship worththank god choose iphone,"['first', 'time', 'using', 'flagship', 'worththank', 'god', 'choose', 'iphone']",0.3333333333333333,0.25,pos
got fir great exacnge value old phone,got fir 67000 great exacnge value old phone ..,"['got', 'fir', 'great', 'exacnge', 'value', 'old', 'phone']",0.475,0.45,pos
mobile expensive come lot feature like thing purchasing costly mobile get extra goody feel bad travel adapter bud jack wire headphone disappointing people like first time buyer fast charging,"this mobile expensive comes lot features too. i like things, purchasing costly mobile get extra goodies feels bad. no travel adapter, buds,no jack wire headphones. disappointing. some people like first time buyers fast charging.","['mobile', 'expensive', 'come', 'lot', 'feature', 'like', 'thing', 'purchasing', 'costly', 'mobile', 'get', 'extra', 'goody', 'feel', 'bad', 'travel', 'adapter', 'bud', 'jack', 'wire', 'headphone', 'disappointing', 'people', 'like', 'first', 'time', 'buyer', 'fast', 'charging']",0.5166666666666667,-0.22499999999999998,neg
bought replacing ultra trusted samsung one time far good biggest complain ultra e battery life longer one photo also look quite impoved since ultra edit battery life crazy good hour sot quad hd resolution hz dark theme ultra hr sot loving use ultra atleast year,bought replacing s22 ultra trusted samsung one time far good ...the biggest complain 22ultra i.e. battery life longer one...photos also looks quite impoved since 22ultra..edit :- battery life crazy good 10 hours sot quad hd resolution 120hz dark theme s22 ultra 30% 5 hrs sot loving use 23 ultra atleast 3 years,"['bought', 'replacing', 'ultra', 'trusted', 'samsung', 'one', 'time', 'far', 'good', 'biggest', 'complain', 'ultra', 'e', 'battery', 'life', 'longer', 'one', 'photo', 'also', 'look', 'quite', 'impoved', 'since', 'ultra', 'edit', 'battery', 'life', 'crazy', 'good', 'hour', 'sot', 'quad', 'hd', 'resolution', 'hz', 'dark', 'theme', 'ultra', 'hr', 'sot', 'loving', 'use', 'ultra', 'atleast', 'year']",0.7416666666666667,0.22499999999999998,pos
always fan galaxy note series ultra packed feature great big screen lover camera good need dslr anymore,always fan galaxy note series. s23 ultra packed features. great big screen lovers. camera good. don't need dslr anymore...,"['always', 'fan', 'galaxy', 'note', 'series', 'ultra', 'packed', 'feature', 'great', 'big', 'screen', 'lover', 'camera', 'good', 'need', 'dslr', 'anymore']",0.4833333333333334,0.5,pos
around year extensive one plus usage finally decided go new phone pre booking samsung ultra writing review regret decision ever happy one ui experience super smooth performance extensive battery life unbeatable camera quality display gaming experience go guy budget barrier,"after around 4.5 years extensive one plus 6t usage, finally i decided go new phone pre-booking samsung s23 ultra.here i writing review regrets decision ever. very happy one ui experience, super smooth os performance, extensive battery life ,unbeatable camera quality, display gaming experience. just go guys budget barrier.","['around', 'year', 'extensive', 'one', 'plus', 'usage', 'finally', 'decided', 'go', 'new', 'phone', 'pre', 'booking', 'samsung', 'ultra', 'writing', 'review', 'regret', 'decision', 'ever', 'happy', 'one', 'ui', 'experience', 'super', 'smooth', 'performance', 'extensive', 'battery', 'life', 'unbeatable', 'camera', 'quality', 'display', 'gaming', 'experience', 'go', 'guy', 'budget', 'barrier']",0.6125541125541126,0.23852813852813856,pos
liked phone lot,liked phone lot.,"['liked', 'phone', 'lot']",0.8,0.6,pos
awesome,awesome,['awesome'],1.0,1.0,pos
phone slept hand drop foot screen totally damaged gorila glas vicrus posssible screen quality poor samsung pls make better quality phone charge lakh yhe,my phone slept from.my hand drop 4 feet screen totally damaged. its gorila glas vicrus posssible. screen quality poor. samsung pls make better quality.phones charge 1.25 lakh yhe,"['phone', 'slept', 'hand', 'drop', 'foot', 'screen', 'totally', 'damaged', 'gorila', 'glas', 'vicrus', 'posssible', 'screen', 'quality', 'poor', 'samsung', 'pls', 'make', 'better', 'quality', 'phone', 'charge', 'lakh', 'yhe']",0.6166666666666667,0.033333333333333326,pos
phone pic zoom nice,phone pic zoom nice,"['phone', 'pic', 'zoom', 'nice']",1.0,0.6,pos
one best phone ever totally worth cost hope use year,this one best phones ever. totally worth cost. i hope use 5 years.,"['one', 'best', 'phone', 'ever', 'totally', 'worth', 'cost', 'hope', 'use', 'year']",0.2,0.65,pos
used since julycamera battery display overall performance,used since 1 julycamera 10/10battery 9/10display 10/10overall performance 9/10,"['used', 'since', 'julycamera', 'battery', 'display', 'overall', 'performance']",0.0,0.0,pos
nice phone,nice phones,"['nice', 'phone']",1.0,0.6,pos
coming fe g everything feel like upgrade screen build display battery speaker think still taking time get used size huge phone wished tad smaller like inch would sweet spot one hand use phone last several year come without needing upgrade,"i coming s20 fe 5g, everything feels like upgrade, screen, build, display, battery, speakers. the think still taking time get used size it, huge phone, wished tad smaller like 6.3inch would sweet spot one hand use. this phone last several years come without needing upgrades.","['coming', 'fe', 'g', 'everything', 'feel', 'like', 'upgrade', 'screen', 'build', 'display', 'battery', 'speaker', 'think', 'still', 'taking', 'time', 'get', 'used', 'size', 'huge', 'phone', 'wished', 'tad', 'smaller', 'like', 'inch', 'would', 'sweet', 'spot', 'one', 'hand', 'use', 'phone', 'last', 'several', 'year', 'come', 'without', 'needing', 'upgrade']",0.42333333333333334,0.15,pos
buy afford sure protect come hefty price coming iphone want copy photo time setting found battery regular clone iphone data setup fresh phone may give good battery life,you buy afford sure protect comes hefty price. if coming iphone want copy photos time setting up. i found battery regular clone iphone data. if setup fresh phone may give good battery life.,"['buy', 'afford', 'sure', 'protect', 'come', 'hefty', 'price', 'coming', 'iphone', 'want', 'copy', 'photo', 'time', 'setting', 'found', 'battery', 'regular', 'clone', 'iphone', 'data', 'setup', 'fresh', 'phone', 'may', 'give', 'good', 'battery', 'life']",0.5164529914529914,0.375,pos
great product,great product,"['great', 'product']",0.75,0.8,pos
best phone ever used premium experience,best phone ever used. premium experience.,"['best', 'phone', 'ever', 'used', 'premium', 'experience']",0.3,1.0,pos
upgraded galaxy note liking performance camera easily highlight phone take stunning photo video ultra series kept legacy note series alive keeping pen bringing best hardware market would recommend phone anyone looking flagship device best market hardware,upgraded galaxy note 9 i liking performance. the camera easily highlight phone. it takes stunning photos videos. the ultra series kept legacy note series alive keeping s-pen bringing best hardware market. i would recommend phone anyone looking flagship device best market hardware,"['upgraded', 'galaxy', 'note', 'liking', 'performance', 'camera', 'easily', 'highlight', 'phone', 'take', 'stunning', 'photo', 'video', 'ultra', 'series', 'kept', 'legacy', 'note', 'series', 'alive', 'keeping', 'pen', 'bringing', 'best', 'hardware', 'market', 'would', 'recommend', 'phone', 'anyone', 'looking', 'flagship', 'device', 'best', 'market', 'hardware']",0.5666666666666667,0.6066666666666667,pos
switched iphone pro max ultra reason ultra superfast stylish big screen feeling somewhat inconvenient used iphone regret buying,"switched iphone 12 pro max s23 ultra reason. s23 ultra superfast, stylish big screen feeling somewhat inconvenient used iphone. no regret buying.","['switched', 'iphone', 'pro', 'max', 'ultra', 'reason', 'ultra', 'superfast', 'stylish', 'big', 'screen', 'feeling', 'somewhat', 'inconvenient', 'used', 'iphone', 'regret', 'buying']",0.7000000000000001,-0.033333333333333326,neg
best phone samsung give best experience new tech many feature camera display speed better iphone,"this best phone, samsung give best. you experience new tech many features.camera display speed better iphone.","['best', 'phone', 'samsung', 'give', 'best', 'experience', 'new', 'tech', 'many', 'feature', 'camera', 'display', 'speed', 'better', 'iphone']",0.41090909090909095,0.6272727272727272,pos
first samsung phone shifted one plus galaxy ultra must say best decision made switch ultra great picture quality super fast processing build quality perfect camera best,"this first samsung phone. i shifted one plus 10 galaxy s23 ultra i must say best decision i made switch s23 ultra. great picture quality, super fast processing, build quality perfect. camera best.","['first', 'samsung', 'phone', 'shifted', 'one', 'plus', 'galaxy', 'ultra', 'must', 'say', 'best', 'decision', 'made', 'switch', 'ultra', 'great', 'picture', 'quality', 'super', 'fast', 'processing', 'build', 'quality', 'perfect', 'camera', 'best']",0.5642857142857143,0.6547619047619049,pos
master everything describe word experience smartphone absolute perfection get anything better,"master everything...can't describe word's, experience yourself...this smartphone absolute perfection... can't get anything better this..","['master', 'everything', 'describe', 'word', 'experience', 'smartphone', 'absolute', 'perfection', 'get', 'anything', 'better']",0.7,0.35,pos
best phone date money buy extremely satisfied would recommend others,the best phone date money buy.. extremely satisfied would recommend others,"['best', 'phone', 'date', 'money', 'buy', 'extremely', 'satisfied', 'would', 'recommend', 'others']",0.65,0.75,pos
used month awesome camera lover like zooming love make reel made many reel phone superb check instagram page sameer abbas video,used month now. its awesome camera lovers likes zooming love make reels. i made many reels phone. those superb. just check instagram page sameer_abbas88 videos.,"['used', 'month', 'awesome', 'camera', 'lover', 'like', 'zooming', 'love', 'make', 'reel', 'made', 'many', 'reel', 'phone', 'superb', 'check', 'instagram', 'page', 'sameer', 'abbas', 'video']",0.775,0.75,pos
simply superb,simply superb üëå,"['simply', 'superb']",1.0,1.0,pos
overall super,overall super,"['overall', 'super']",0.3333333333333333,0.16666666666666666,pos
always wondered samsung ditch exynos snapdragon flagship phone finally snapdragon galaxy heating better optimised phone battery last almost hour normal usage miss curve edge advantage rest feature compensate enough thanx sammy n amz beasty product,"always wondered samsung ditch exynos snapdragon flagship phones, finally snapdragon galaxy, heating better optimised phone, battery last almost 36 48 hours normal usage, i miss curve edge advantage rest features compensate enough...thanx sammy n amz beasty product","['always', 'wondered', 'samsung', 'ditch', 'exynos', 'snapdragon', 'flagship', 'phone', 'finally', 'snapdragon', 'galaxy', 'heating', 'better', 'optimised', 'phone', 'battery', 'last', 'almost', 'hour', 'normal', 'usage', 'miss', 'curve', 'edge', 'advantage', 'rest', 'feature', 'compensate', 'enough', 'thanx', 'sammy', 'n', 'amz', 'beasty', 'product']",0.5433333333333333,0.13,pos
switched iphone beast believe guy phone another level option like pro max pixel pro one plus ultra full research decided buy beast happy decision,"i switched iphone 12 beast.....believe guys phone another level...i options like 14 pro max , pixel 7 pro , one plus 11 , s23 ultra....after full research i decided buy beast...and i happy decision üòáüòá","['switched', 'iphone', 'beast', 'believe', 'guy', 'phone', 'another', 'level', 'option', 'like', 'pro', 'max', 'pixel', 'pro', 'one', 'plus', 'ultra', 'full', 'research', 'decided', 'buy', 'beast', 'happy', 'decision']",0.775,0.575,pos
happily switched iphone pro max joy hold phone use iphone become useless coz taking picture anymore iphone day got ultra best displaybest batterybest camerabest speakerbest softwarebest software supportbest customisation good lock best network reception,happily switched iphone 13 pro max.its joy hold phone use it.my iphone become useless coz taking pictures anymore iphone day got s23 ultra.best displaybest batterybest camerabest speakerbest softwarebest software supportbest customisation ( good lock)best network reception,"['happily', 'switched', 'iphone', 'pro', 'max', 'joy', 'hold', 'phone', 'use', 'iphone', 'become', 'useless', 'coz', 'taking', 'picture', 'anymore', 'iphone', 'day', 'got', 'ultra', 'best', 'displaybest', 'batterybest', 'camerabest', 'speakerbest', 'softwarebest', 'software', 'supportbest', 'customisation', 'good', 'lock', 'best', 'network', 'reception']",0.4333333333333333,0.6333333333333333,pos
battery life crazy good got hour sot mixed usage last day let take time learn usage pattern ui butter smooth,"battery life crazy good , got 9.5 hours sot 100 5% , mixed usage last 1.5 2 days. let take time learn usage patterns.ui butter smooth.","['battery', 'life', 'crazy', 'good', 'got', 'hour', 'sot', 'mixed', 'usage', 'last', 'day', 'let', 'take', 'time', 'learn', 'usage', 'pattern', 'ui', 'butter', 'smooth']",0.46333333333333326,0.1,pos
best phone ever afford go,best phone ever!! afford go,"['best', 'phone', 'ever', 'afford', 'go']",0.3,1.0,pos
medium could loaded good phone,the media could loaded. good phone,"['medium', 'could', 'loaded', 'good', 'phone']",0.6000000000000001,0.7,pos
absolute beast phone exceptional performance battery life display camera top tier single thing complain,this absolute beast phone exceptional performance battery life. the display cameras top tier single thing complain about.,"['absolute', 'beast', 'phone', 'exceptional', 'performance', 'battery', 'life', 'display', 'camera', 'top', 'tier', 'single', 'thing', 'complain']",0.6535714285714286,0.3238095238095238,pos
wanted add word masterpiece,just wanted add 2 words masterpiece.,"['wanted', 'add', 'word', 'masterpiece']",0.0,0.0,pos
amazing phone camera ai superb face unlocking sensor faster cooling system much better device heating effect expect moon photo get premium phone feeling,"amazing phone, camera &ai superb. face unlocking sensor more faster. cooling system much better devices. no heating effect. don't expect moon photos get premium phone feeling..","['amazing', 'phone', 'camera', 'ai', 'superb', 'face', 'unlocking', 'sensor', 'faster', 'cooling', 'system', 'much', 'better', 'device', 'heating', 'effect', 'expect', 'moon', 'photo', 'get', 'premium', 'phone', 'feeling']",0.7999999999999999,0.7000000000000001,pos
samsung great thing ultra best choice purchase phone,"samsung great things s23 ultra, best choice purchase phone","['samsung', 'great', 'thing', 'ultra', 'best', 'choice', 'purchase', 'phone']",0.525,0.9,pos
flagship one,flagship one,"['flagship', 'one']",0.0,0.0,pos
great phone great feature high price well lol,"great phone great features, high price well lol!!","['great', 'phone', 'great', 'feature', 'high', 'price', 'well', 'lol']",0.685,0.64,pos
phone doubt best phone world right display camera performance everything top notch battery backup also good overpriced shouldve k since manufactured india,"the phone doubt best phone world right now.display, camera,performance everything top notch. battery backup also good. but overpriced. shouldve 100k since manufactured india only.","['phone', 'doubt', 'best', 'phone', 'world', 'right', 'display', 'camera', 'performance', 'everything', 'top', 'notch', 'battery', 'backup', 'also', 'good', 'overpriced', 'shouldve', 'k', 'since', 'manufactured', 'india']",0.48392857142857143,0.6214285714285714,pos
medium could loaded used lot android phone ultra best pro battery lifecamera raw astro night mode ram managementsoftware experiencesuper fast fingerprint sensorgaming experiencedisplayconnectivitysecurity knox security speakersfast charging supportit almost perfect android phone con charger box,"the media could loaded. i used lot android phones, s23 ultra best.pros:battery lifecamera (raw, astro night mode)ram managementsoftware experiencesuper fast fingerprint sensorgaming experiencedisplayconnectivitysecurity (knox security)speakersfast charging supportit almost perfect android phone 2023cons:no charger box","['medium', 'could', 'loaded', 'used', 'lot', 'android', 'phone', 'ultra', 'best', 'pro', 'battery', 'lifecamera', 'raw', 'astro', 'night', 'mode', 'ram', 'managementsoftware', 'experiencesuper', 'fast', 'fingerprint', 'sensorgaming', 'experiencedisplayconnectivitysecurity', 'knox', 'security', 'speakersfast', 'charging', 'supportit', 'almost', 'perfect', 'android', 'phone', 'con', 'charger', 'box']",0.5903846153846154,0.4923076923076923,pos
superb performance amazing camera hope future update improve battery life,"superb performance, amazing camera..hope future updates improve battery life","['superb', 'performance', 'amazing', 'camera', 'hope', 'future', 'update', 'improve', 'battery', 'life']",0.6749999999999999,0.5333333333333333,pos
medium could loaded already put sim writing review phone shoot front mirror previous note user used iphone glad back samsung immersive giant screen vivid colour excellent delivery amazon star seller,the media could loaded. already put sim writing review phone shoot front mirror.i previous note 10+ user (used iphone 12 between) glad back samsung immersive giant screen vivid colours. excellent delivery amazon. 5star seller. üòçüòçüòç,"['medium', 'could', 'loaded', 'already', 'put', 'sim', 'writing', 'review', 'phone', 'shoot', 'front', 'mirror', 'previous', 'note', 'user', 'used', 'iphone', 'glad', 'back', 'samsung', 'immersive', 'giant', 'screen', 'vivid', 'colour', 'excellent', 'delivery', 'amazon', 'star', 'seller']",0.6527777777777778,0.24305555555555558,pos
finally android phone give iphone run money excellent spec fantastic camera feature talked samsung need market better compared iphone quite satisfied phone,"finally android phone give iphone run money, excellent specs, fantastic camera... there features talked about.. samsung needs market better compared iphone... i quite satisfied phone.","['finally', 'android', 'phone', 'give', 'iphone', 'run', 'money', 'excellent', 'spec', 'fantastic', 'camera', 'feature', 'talked', 'samsung', 'need', 'market', 'better', 'compared', 'iphone', 'quite', 'satisfied', 'phone']",0.8800000000000001,0.48,pos
camera display performance battery sound vibration,camera 5/5display 5/5performance 5/5battery 5/5sound 5/5vibration 4/5,"['camera', 'display', 'performance', 'battery', 'sound', 'vibration']",0.4,0.4,pos
good phone,good phone,"['good', 'phone']",0.6000000000000001,0.7,pos
best andoid phone ever better iphonecamera quality awesome x zoom lob,best andoid phone ever.better iphonecamera quality awesome 100x zoom lob,"['best', 'andoid', 'phone', 'ever', 'better', 'iphonecamera', 'quality', 'awesome', 'x', 'zoom', 'lob']",0.6,0.8333333333333334,pos
noticed finger print sensor working installing screen protector set face unlock unlocking device multiple attempt hope samsung fix issue security update,i've noticed finger print sensor working installing screen protector. i set face unlock unlocking device multiple attempts. i hope samsung fix issues security update.,"['noticed', 'finger', 'print', 'sensor', 'working', 'installing', 'screen', 'protector', 'set', 'face', 'unlock', 'unlocking', 'device', 'multiple', 'attempt', 'hope', 'samsung', 'fix', 'issue', 'security', 'update']",0.0,0.0,pos
zabardast,zabardast,['zabardast'],0.0,0.0,pos
phone smooth camera picture quality excellent battery performance one half day last fingerprint reader work well worth buying phone,phone smooth camera picture quality excellent...battery performance one half day last fingerprint reader works well... worth buying phone..,"['phone', 'smooth', 'camera', 'picture', 'quality', 'excellent', 'battery', 'performance', 'one', 'half', 'day', 'last', 'fingerprint', 'reader', 'work', 'well', 'worth', 'buying', 'phone']",0.3666666666666667,0.30666666666666664,pos
cam extraordinary never seen,cam extraordinary i never seen!!,"['cam', 'extraordinary', 'never', 'seen']",1.0,0.3333333333333333,pos
year searching deal provide three smartphone smartwatch bud compromise latest technology think u achive u r target place milestone,"more 2 year's i searching deal provide three, smartphone -smartwatch-buds compromise latest technology. i think u achive u r target place milestone other's.","['year', 'searching', 'deal', 'provide', 'three', 'smartphone', 'smartwatch', 'bud', 'compromise', 'latest', 'technology', 'think', 'u', 'achive', 'u', 'r', 'target', 'place', 'milestone']",0.9,0.5,pos
bought phone month back phone pocket thigh touched lightly kitchen wall screen broken edge advertising screen gorilla glass protection broke small touch really surprised good opinion samsung phone incident trust samsung say poor quality premium phone,"i bought phone 6 months back. when phone pocket, my thighs touched lightly kitchen wall. then screen broken edge. they advertising screen gorilla glass protection. then broke small touch. i really surprised, i good opinion samsung phones. but incident i don't trust samsung. i say poor quality premium phone.","['bought', 'phone', 'month', 'back', 'phone', 'pocket', 'thigh', 'touched', 'lightly', 'kitchen', 'wall', 'screen', 'broken', 'edge', 'advertising', 'screen', 'gorilla', 'glass', 'protection', 'broke', 'small', 'touch', 'really', 'surprised', 'good', 'opinion', 'samsung', 'phone', 'incident', 'trust', 'samsung', 'say', 'poor', 'quality', 'premium', 'phone']",0.5142857142857143,0.021428571428571415,pos
phone nearly peerless think twice budget,"its phone nearly peerless, think twice budget.","['phone', 'nearly', 'peerless', 'think', 'twice', 'budget']",0.4,0.1,pos
awesome mobile good battery life high end performer,"awesome mobile, good battery life high end performer","['awesome', 'mobile', 'good', 'battery', 'life', 'high', 'end', 'performer']",0.7133333333333334,0.62,pos
good phone great camera,good phone great camera,"['good', 'phone', 'great', 'camera']",0.675,0.75,pos
best premium phone android segment camera battery everything good efficiency battery improve lot compared previous version,best premium phone android segment camera os battery everything good. but efficiency battery improve lot compared previous version,"['best', 'premium', 'phone', 'android', 'segment', 'camera', 'battery', 'everything', 'good', 'efficiency', 'battery', 'improve', 'lot', 'compared', 'previous', 'version']",0.3555555555555556,0.5111111111111111,pos
awesome camera quality fastest processor ever,awesome camera quality fastest processor ever. üòäüòä,"['awesome', 'camera', 'quality', 'fastest', 'processor', 'ever']",1.0,1.0,pos
received brand new phone function good struggling charger,received brand new phone functions good. struggling charger.,"['received', 'brand', 'new', 'phone', 'function', 'good', 'struggling', 'charger']",0.5272727272727273,0.41818181818181815,pos
best mobile ever used,best mobile ever used,"['best', 'mobile', 'ever', 'used']",0.3,1.0,pos
sleek phone compared fold series capable,a sleek phone compared fold series capable,"['sleek', 'phone', 'compared', 'fold', 'series', 'capable']",0.4,0.2,pos
regret shifting io ultra camera quality best market display top notch,i regrets shifting ios s23 ultra.the camera quality best market. and display top notch.,"['regret', 'shifting', 'io', 'ultra', 'camera', 'quality', 'best', 'market', 'display', 'top', 'notch']",0.4,0.75,pos
